역량,빈도,순위
데이터 분석,5,1
프로그래밍,5,2
Python,5,3
통계 분석,4,4
머신러닝,4,5
문제해결,4,6
팀 프로젝트,4,7
실습,4,8
빅데이터 처리,3,9
데이터 처리,3,10
코딩,3,11
딥러닝,3,12
인공지능,3,13
알고리즘,3,14
경영 이해,3,15
R,3,16
SQL,3,17
데이터 시각화,3,18
실무 응용,3,19
이론 이해,3,20
개념 이해,3,21
의사결정,3,22
발표,3,23
프로젝트 수행,3,24
협업,3,25
생성형 AI,2,26
예측 분석,2,27
최적화,2,28
AI 모델,2,29
전략적 사고,2,30
데이터 기반 의사결정,2,31
회귀 분석,2,32
군집 분석,2,33
분류 분석,2,34
조직 관리,2,35
생산운영,2,36
재무 분석,2,37
회계,2,38
마케팅,2,39
비즈니스 인사이트,2,40
커뮤니케이션,2,41
사례 분석,2,42
Apache Spark,2,43
Tableau,2,44
데이터베이스,2,45
네트워크 분석,2,46
분석적 사고,2,47
NoSQL,1,48
텍스트 마이닝,1,49
크롤링,1,50
