기업명,주요업무,자격요건,우대사항
뉴로엑스티,"• 소프트웨어 의료기기의 개발 총괄• 의료기기 인허가 및 품질 경영 관련 필요 문서 작성 보조• 연구팀, RAQA팀, AI플랫폼 팀 등 다부서 협업.","• 소프트웨어 의료기기 제품 개발 경험 5년 이상• 소프트웨어 의료기기 제품의 기획, 설계, 검증, 출시 전 주기 경험을 갖추신 분• 의료기기 인허가 규제 및 품질 경영에 대한 이해를 지니신 분.",• 영어 커뮤니케이션 능력 (비즈니스 영어 미팅 주도 가능한 수준)• 팀 또는 프로젝트 매니지먼트 경험.
스카이랩스(SkyLabs),이런 업무를 하시게 됩니다.• 스마트링 제품을 위한 펌웨어 테스트• BLE 통신 테스트 및 동작 검증• PPG 센서 성능 테스트 및 검증• 무선충전 성능 검증 및 테스트• 소스코드 통합 작업 및 검증• 테스트 결과에 대한 reporting 및 문서화 작업.,이런 분들을 모시려고 해요.• 전자/컴퓨터/제어계열 공학 전공 학사 졸업자(또는 예정자)• C 언어에 대한 이해 및 기본적인 임베디드 프로그래밍 경험.,이런 분들을 우대합니다.• BLE MCU 개발 경험• RTOS 개발 경험 • PC GUI (C# or 파이썬) 개발 경험• 하드웨어 개발/디버깅 경험• 관련 동아리/학회 경험• 전공학점 우수자• 정보처리기사 자격증 소유하신 분.
크래블,• 제어단말 개발 및 검증• 자율주행 단말 개발 및 검증.,"• C언어 사용 가능자• STM, AVR 등 MCU 사용 경험자• 회로도 이해 가능자.","• 전기, 전자, 컴퓨터공학 등 관련 공학계열 우대• 프로젝트 수행 경험 보유자 우대."
아폴론,"• Raman 분광 데이터를 활용한 신호 처리 및 특징 추출• 광학/생체신호 기반 기계학습 알고리즘 개발 및 최적화• 혈당 예측 및 보정 모델 개발 (Regression, Time-series 등)• 실험 데이터 전처리, 분석 및 시각화 (Clinical/Phantom/Animal 데이터 포함)• 논문 기반 모델 리서치 및 자체 알고리즘 성능 개선.","• 물리학, 바이오, 생명정보학, 데이터 과학, 전기전자, 컴퓨터공학 등 관련 전공 석사 이상 또는 그에 준하는 경험• Python 및 주요 분석 라이브러리(pandas, numpy, matplotlib, scikit-learn 등) 활용 능력• 신호처리 또는 스펙트럼 분석에 대한 이해• 머신러닝/딥러닝 모델 구현 경험.","• Raman spectroscopy 또는 바이오 광학 센서 데이터 분석 경험• 의료기기 또는 헬스케어 데이터 관련 프로젝트 경험• TensorFlow, PyTorch, Keras 등 딥러닝 프레임워크 사용 경험• 영어 논문 리서치 및 기술문서 작성 능력• Start-up 또는 cross-functional 팀에서의 협업 경험• 국책과제 수행 경험자."
에스디티,• FPGA 기반 펌웨어 개발 - Vitis 환경 개발 - FPGA 하드웨어 파일 패키징• Python 어플리케이션 개발 - 시스템 제어 및 처리 어플리케이션 개발 - 내/외부 API 분석 및 기능 구현• 인증 업무 지원.,• 초대졸 이상• 리눅스 환경에서 펌웨어 패키징 경험자.,"• 관련 전공 석/박사 학위자의 경우 신입 지원 가능• AMD, FPGA 시스템 개발 경험자."
비댁스,"• 클라우드 인프라 설계 및 구축: AWS를 기반으로 비즈니스 확장성과 안정성을 모두 고려한 최적의 인프라 아키텍처를 설계하고 구축합니다.• 컨테이너 오케스트레이션 운영: Kubernetes, Docker를 활용하여 MSA 환경을 효율적으로 운영하고 고가용성을 확보합니다.• CI/CD 파이프라인 고도화: 안정적이고 빠른 서비스 배포를 위한 CI/CD 파이프라인을 구축하고 지속적으로 개선합니다.• 인프라 자동화 및 코드화(IaC): Terraform, Ansible 등의 도구를 사용해 인프라 관리를 자동화하고, Python, Go, Shell 스크립트로 반복적인 작업을 효율화합니다.• 모니터링 및 장애 대응: 시스템의 상태를 선제적으로 파악하는 모니터링 시스템을 구축하고, 장애 발생 시 신속하게 원인을 분석하고 해결합니다.• 보안 및 규제 준수: 서비스 안정성을 위협하는 보안 요소를 개선하고, 각종 규제(ISMS 등)에 대응 가능한 인프라 환경을 만들어갑니다.","• 3년 이상의 Cloud(AWS) 또는 DevOps 관련 경력을 보유하신 분• Kubernetes, Docker 등 컨테이너 기술 기반의 아키텍처 설계 및 운영 경험이 풍부하신 분• CI/CD 파이프라인 구축 및 운영 경험을 통해 배포 자동화 프로세스를 이해하고 계신 분• Terraform, Ansible 등 IaC(Infrastructure as Code) 도구 사용에 능숙하신 분• 시스템 장애 발생 시 근본 원인을 찾고 해결하는 트러블슈팅 역량을 갖추신 분• Python, Shell, Go 중 하나 이상의 언어로 인프라 자동화 도구 개발이 가능하신 분• 동료에 대한 존중을 바탕으로 건설적인 피드백을 주고받으며 함께 성장하는 분.",• 대용량 트래픽을 처리하는 서비스의 아키텍처 설계 및 운영 경험• 핀테크 또는 B2B 서비스 개발 및 운영 경험• 클라우드 및 온프레미스 환경의 통합 모니터링 시스템 설계 및 구축 경험• ISMS 인증 심사 준비 및 대응 경험• 클라우드 네트워크 및 시스템 보안 전략 수립과 구현 경험• 비즈니스 레벨의 영어 커뮤니케이션 능력.
티에스엔랩,[어떤 팀에서 일 하나요?]• H/W팀에서 일 합니다.• H/W팀은 반도체 설계와 검증을 하는 팀입니다.[어떤 일을 하나요?]• 반도체 보드 설계 및 검증을 합니다. • 통신 또는 AI 관련 보드 설계를 합니다.• 구체적인 내용은 기술면접 때 말씀 드리겠습니다.,"[어떤 사람을 채용하나요?]• 회로 설계(Orcad) 및 PCB 설계에 익숙해야 합니다.• 컴퓨터, 전자공학 관련 학과를 졸업해야 합니다.• 관련 분야에 3년 이상의 경력이 있어야 합니다.",
스패로우,"사내 인프라 및 클라우드 서비스를 운영하고 고도화 하는 업무를 담당합니다.• 사내 인프라 및 시스템 운영·유지보수, 장비 관리 및 확장• 클라우드 인프라 운영 및 고도화• 설치형 솔루션 관리 및 자동화(CI/CD) 환경 구축• 시스템 성능 모니터링 및 장애 대응• 기술 문서화.","• 사내 및 클라우드 인프라 관련 직무 경험 3년 이상• Linux 기반 서버, 네트워킹, 스토리지, 가상화 환경에 대한 깊은 이해 및 실무 경험• Kubernetes 등 컨테이너 오케스트레이션 및 마이크로서비스 아키텍처 운영 경험• CI/CD 파이프라인 구축 및 자동화 도구(GitHub Actions 등) 활용 경험• 클라우드 인프라 성능 최적화 및 문제 해결 경험• 기술적 문제 해결 능력 및 원활한 커뮤니케이션 역량.","• Linux, Kubernetes, AWS 관련 자격증 보유자• 클라우드 아키텍처(API 기반) 설계 및 운영 경험• 자동화를 위한 프로그래밍 언어(Python, Go, Bash 등) 활용 경험• 모니터링 툴(ECK, Prometheus, Grafana 등) 사용 경험• 서비스 메시(Istio 등) 사용 경험• 클라우드 서비스 장애 대응 및 관제 경험."
리츠,• 펌웨어 개발• 임베디드 메인 개발.,• 관련 학위 소지자• 경력 우선.,• 전자공학 또는 관련 전공자• 팀워크 및 커뮤니케이션 능력 우수자• 창의적 문제 해결 능력 보유자.
디에이텍,"담당업무 ㆍMCU 기반 PCB 설계 및 Artwork ㆍPower stage (DCDC Converter (Buck, Boost, Buck/Boost), LDO) ㆍCommunication (USB, Bluetooth, RS232, RS485) ㆍInterface (EMI, ESD, SI평가) 스킬 ㆍAltium, Orcad ㆍ기본적인 Analog Circuit에 대한 이해도.",ㆍ학력: 4년제 대학ㆍ경력: 경력4년 이상 혹은 그에 준하는 실력.,
코아시아씨엠코리아,"스마트폰 카메라 모듈 개발 업무(SW) • SW (0명) 1. 프로젝트 관리 : 후공정 SW개발, 후공정 설비 SW 개발, 프로세스 개선 SW 개발 등 2. 플랫폼 : 신규 검사 기능 개발, 자동화 및 제어 관련 개발, 알고리즘 신규 개발 및 성능 개선 등 3. 공정 개선 테스트용 SW개발, 업무효율화 및 수율 개선을 위한 지원 SW개발 등.","경력 0년 이상 ~ 15년 이하대학졸업(2,3년) 이상.",해당 직무 경험.
니어스랩,"• 자율 비행체 플랫폼의 핵심 소프트웨어 스택 설계/개발• 다양한 드론 플랫폼에서 공통으로 사용되는 코어 라이브러리와 자율 비행 모듈 구축• 드론이 자율적으로 임무를 수행하는 데 필요한 공통 소프트웨어 플랫폼 구축 • 센서 데이터 처리, 인지 알고리즘, 경로 생성 및 최적화, 비행 제어, 충돌 회피, 비상 상황 관리, 모드 전환, 실시간 통신 프로토콜, 임무 관리 시스템 등• HW Platform팀이 개발한 드론 코어 플랫폼 위에 소프트웨어를 통합• 하드웨어 특성을 고려한 최적화와 센서/액추에이터 인터페이스 구현 수행• 선행기술팀, HW 플랫폼팀 및 각 드론 제품팀과 협력하여 요구사항을 정의하고 시뮬레이션부터 실제 비행 시험까지 전 과정 참여• 개발한 소프트웨어 플랫폼을 각 임무별 드론 제품팀이 효과적으로 활용할 수 있도록 제공• 명확한 API 설계, 체계적인 SDK 구축, 추상화, 상세한 기술 문서 작성을 통해 제품팀이 플랫폼 기능을 빠르게 이해하고 통합할 수 있는 환경 셋팅• 제품팀과의 긴밀한 협업을 통해 실제 사용 피드백을 수렴하고 플랫폼을 지속적인 개선 업무 수행• 새로운 임무 요구사항에 대응할 수 있는 확장 가능하고 유지보수가 용이한 아키텍처 설계.","• 항공우주공학, 컴퓨터공학, 전기/전자공학, 기계공학, 로보틱스, 메카트로닉스 또는 관련 분야의 학사 이상 학위를 보유하신 분• Linux 환경에서 C++을 활용한 3년 이상의 실무 개발 경험을 보유하신 분• 자료구조, 알고리즘, 병렬처리, 코드 최적화에 대한 깊이 있는 이해를 가지신 분• 센서 데이터 처리 및 하드웨어 인터페이스 통합 경험이 있으신 분• 복잡한 시스템 아키텍처를 설계하고 문서화할 수 있는 능력을 갖추신 분• 팀 간 협업 경험과 기술 문서 작성 능력을 보유하신 분.","• 관련 전공에서 석사 또는 박사 학위를 보유하신 분• 드론, UAV 또는 자율 비행체 시스템 개발 경험을 보유하신 분• Flight Control Software 또는 Operational Flight Program(OFP) 개발 경험을 보유하신 분• 임베디드 시스템 또는 실시간 시스템 개발 경험을 보유하신 분• 경로 계획, 인식, 위치추정, 매핑, 비행 제어 중 한 가지 이상의 분야에서 실무 경험을 보유하신 분• ROS/ROS2, MAVLink, PX4 등 로보틱스 미들웨어 또는 비행 제어 프레임워크 사용 경험이 있으신 분• IMU, GPS, LiDAR, 카메라 등 다양한 센서 처리 및 서보모터, ESC 등 액추에이터 제어 경험을 보유하신 분• GStreamer, FFmpeg, WebRTC 등을 활용한 실시간 비디오 스트리밍 시스템 개발 경험을 보유하신 분• 플랫폼 또는 SDK 개발 경험으로 API 설계 및 문서화 역량을 갖추신 분• gRPC, Protobuf, WebSocket, DDS, MQTT 등 분산 시스템 통신 프로토콜에 대한 이해와 적용 경험을 보유하신 분• 다수의 로봇 또는 드론이 협업하는 멀티 에이전트 시스템 개발 경험이 있으신 분• 좌표계 변환, 센서 융합, SLAM 등 복잡한 수학적 문제 해결 경험을 보유하신 분• 실제 비행 시험 및 현장 배치 경험으로 하드웨어-소프트웨어 통합 검증 역량을 갖추신 분• Docker, Kubernetes 등 컨테이너 기반 배포 환경 구축 및 운영 경험을 보유하신 분."
스카이랩스(SkyLabs),"이런 업무를 하시게 됩니다.• 제품개발 프로젝트의 전체 일정 관리를 담당하며, 여러 팀 간 협업 조율• 프로덕트 로드맵을 기반으로 한 실행 전략 수립 및 목표 달성 관리• 내부 개발팀 간 커뮤니케이션 허브 역할을 수행• 기술적 리스크와 이슈 관리, 우선순위 조정, 문제 해결 프로세스 수립 및 개선• 프로젝트 문서화, 개발 표준 및 프로세스 개선, 운영 효율성 강화를 위한 제안 및 실행• 개발 조직 내 일정 관리·업무 분배·리소스 최적화를 통한 생산성을 극대화.","이런 분들을 모시려고 해요.• 총 경력 8~15년(HW/기구/FW 개발 경력 포함), 3년 이상 PM/PL 경험이 있으신 분• 프로젝트 관리 및 기술적 배경(TPM, PM, PL 역할) 경험자• 리소스·일정·품질을 균형 있게 조율할 수 있는 실행력과 커뮤니케이션 역량을 갖춘 분• 개발 기술 및 기술 트렌드에 대한 이해도가 높으신 분• Hardware 및 Firmware 개발 이해도가 있는 분• Product Lifecycle 및 PLM 프로세스 전반에 대한 이해도가 높으신 분• 기술 문서 작성 및 관리 능력이 있으신 분• 해외 출장 및 근무에 결격 사유 없으신 분.","이런 분들을 우대합니다.• 헬스케어, 의료기기 산업 관련 프로젝트 경험자• 스타트업 또는 변화가 빠른 환경에서 실무 경험이 풍부한 분• 조직 성장과 개발 문화 개선에 기여한 경험이 있으신 분• PLM 전주기를 경험해 보신 분."
아이에이치더블유,"[Job Summary]• 차세대 AI 가속기 SoC를 위한 Simulator/Profiler/Compiler 경력 엔지니어 O명을 모집합니다.• On-Device-Edge AI SDK 개발 업무(아래의 업무 중 하나 이상)를 수행합니다. * HW Simulator * Profiler * Compiler• Software Architecture & Implementation 업무를 수행합니다.[Responsibilities]• 대상 Device의 HW Simulator, Profiler, Compiler 설계 및 구현• 딥러닝 모델(Graph) 변환 및 최적화 알고리즘 개발 (Complier)• 연산 스케줄링 및 메모리 관리 전략 설계 (Compiler)• SoC 환경에서의 컴파일러 성능 최적화 (HW Simulator)• 하드웨어 특성(RISC-V, pCore, aCore)에 맞춘 코드 생성 및 최적화 (HW Simulator, Profiler)• 런타임 시스템 및 커널과의 인터페이스 개발 (Compiler)• 성능 분석, 프로파일링 및 디버깅 도구 개발 (HW Simulator, Profiler).","• 컴파일러 아키텍처 및 최적화 경험• 그래프 변환 및 연산 스케줄링 알고리즘 개발 경험• 메모리 관리 및 SoC 환경에서의 성능 최적화 경험• HW C++ Modeling, Integration 구현• HW Metric Profiling (Power, Clock Latency, Memory BW)• Debugger (Network상 Layer 단위 Step Simulation)• C/C++, Python 프로그래밍 능력• Git, CI/CD 등 개발 협업 도구 활용 능력.","[Preferred Qualifications]• 딥러닝 프레임워크(TensorFlow, PyTorch 등) 내부 구조 이해• ONNX 기반 Network 분석 및 Graph optimization 경험• NPU, GPU, DSP 등 AI 가속기 관련 경험• LLVM, MLIR, TVM 등 컴파일러 프레임워크 활용 경험• RISC-V ISA 및 하드웨어 아키텍처 이해• 저전력 및 고성능 최적화 경험• SDK 및 응용 예제 개발 경험• GUI (Qt, WPF 등) 프로그래밍 능력[Soft Skills]• 문제 해결 능력 및 논리적 사고• 하드웨어/소프트웨어 팀과의 원활한 커뮤니케이션• 새로운 기술 학습에 대한 적극성."
오에이큐,"• 양자 센서 플랫폼용 디지털·신호처리·통신 서브시스템 설계 및 구현• FPGA 기반 RTL 설계 및 신호처리 알고리즘 개발• 임베디드 및 저비용 플랫폼의 지연시간, 신뢰성, 저전력 최적화• 하드웨어 플랫폼 통합, 테스트 및 검증 수행• RF, 임베디드, DSP 엔지니어와 협업하여 고성능·고신뢰 센싱 시스템 개발• 딥러닝 응용을 위한 시스템 최적화 및 실험 지원• 연구소(랩) 환경에서 하드웨어/소프트웨어 통합 지원.","• 컴퓨터공학, 전기전자공학, 수학 등 관련 전공 학사 이상• 하드웨어 개발 경력 5년 이상• FPGA 플랫폼 개발 경험 2년 이상• Verilog, SystemVerilog 또는 VHDL 사용 경험 2년 이상• 보호 장비 착용 후25kg 장비 운반 가능• 영어로 업무 및 전문적인 의사소통 가능.","• 복잡한 디지털 회로 설계 및 검증 경험• FPGA 개발 전 과정(설계 ＞ 시뮬레이션 ＞ 합성 ＞ 타이밍 ＞ 검증) 수행 경험• SoC 플랫폼 통합 및 PS/PL 인터페이스 설계 경험• Xilinx 등 FPGA 플랫폼 및 개발 툴 숙련• 딥러닝 알고리즘 및 응용 경험• 전자 회로도 판독 및 하드웨어 설계 논의 가능• 임베디드 C/C++ 또는 시스템 프로그래밍 경험• DSP 개념(확산 스펙트럼, FEC, 채널 추정, 변조, 필터 설계 등)에 대한 이해• FFT, FIR/IIR 필터 등 신호처리 경험• 뛰어난 커뮤니케이션 능력 및 협업 역량."
엠투클라우드,"• Embedded system H/W 설계 및 개발(센서 및 저전력 회로 설계, 전류 소모 최적화)• 자재수배, 발주 및 제품 양산 대응, A/S대응• 생산 및 품질 관련 문서(BOM, 테스트 절차 등) 작성• 디자인, 기구설계자와 협업을 통한 조립 및 양산성 검증• 펌웨어 및 서버 개발자와의 협업을 통한 제품 통합 검증.","• 전자공학, 컴퓨터공학 등 관련 전공자• 관련업무 2~8년 경험자• 해외여행 및 근무에 결격사유가 없는.","• IoT 디바이스(저전력, BT/WIFI/LTE 무선통신) 회로 설계 및 검증 경험• 회로설계 Tool(ORCAD), PCB 설계 툴 사용자(PADS)."
아이씨티케이,• 아날로그 접적회로 설계 및 검증 - Bandgap reference (BGR) - Low-dropout regulator (LDO) - Power on reset (POR) - Internal Oscillator (OSC) - Phase locked loop (PLL) - Charge pump - Voltage detector - Temperature sensor - Light sensor.,• Cadence Virtuoso 설계 경험• Synopsys HSPICE 시뮬레이션 경험.,• 집적회로 설계 및 레이아웃 경험자• 아날로그 회로의 Verilog modeling 경험자• Verilog-SPICE Co-simulation 경험자• ESD 설계 경험자• 집적회로설계 분야의 석사/박사 학위 소지자.
글라우드,"• 3D 프린터 및 주변 장비(세척기, 경화기) 제품 전략·로드맵 수립• 광경화(LED/LCD) 기반 핵심 HW 구조 설계 및 기구 설계 기획• 모터 제어·광학·열처리 등 하드웨어 기술 개발 및 최적화• 시제품 제작·성능 검증 및 사용성 개선• 치과 현장 UX 중심의 기구 설계(수조, 커버, 인터페이스 등)• 부품 설계·금형 제작·외부 협력사 관리• 의료기기 인허가 및 규제 요구사항을 반영한 제품화.","• 5년 이상의 제품 기획/개발 경험 (3D 프린터, 광학기기, 소형가전, 의료기기 등)• 광학·LED/LCD·모터 제어 등 하드웨어 경험• 기구 설계 및 시제품 검증 경험• 체계적 문제 해결 및 크로스펑셔널 협업 능력.","• 치과용 3D 프린터 또는 광경화 장비 개발 경험• 소형가전(광학, 모터, 열처리) 설계·개발 경험• CAD/CAE 활용 능력 및 금형 설계 경험• 의료기기 규제(QMS, ISO13485, GMP 등) 대응 경험• 글로벌 협업 및 영어 커뮤니케이션 능력."
아이코어,• 아날로그/디지털 회로설계• 개발 제품 테스트 및 디버깅• PCB 설계• 생산지원.,• 전기/전자공학 계열 전공하신 분.,• 전자회로 및 이미지 센서에 대한 지식을 갖추신 분• 전자부품에 대한 이해가 있으신 분• 유관업무 및 프로젝트 경험해 보신 분.
코아시아씨엠코리아,"스마트폰 카메라 모듈 개발 업무(광학) • 광학 (0명) 1. 원자재 검토 : LENS 원자재 검토, IR Filter 설계 사양 검토 단품 및 한도 평가 진행 등 2. 모듈 검토 : 모듈 해상력 검토를 위한 외관, 렌즈 기인성 모듈 신뢰성 영향 분석 3. Flare 검토 : 조도별, 각도별 Flare 촬영 및 영상 취득 등 4. 성능 검토 : Lens MTF, Flare, Coating등 성능 검토 및 개선, 광학 설계 가능자 우대.","경력 0년 이상 ~ 15년 이하대학졸업(2,3년) 이상.",해당 직무 경험.
리얼월드,"- RLWRLD 및 글로벌 오픈소스 Robot foundation model의 로봇에서 구현하기 위한 Fine-tuning 및 제어- 고객사 현장에 로봇 시스템, 센서 및 데이터 수집 시스템(4D 모션 캡처 등)의 설치, 설정(Setup) 및 시운전(Commissioning) 수행- PoC 및 데이터 수집 과정에서 발생하는 HW/SW 기술 이슈의 즉각적인 현장 대응, 원인 분석 및 해결(Troubleshooting)- 시스템 로그 분석, 시퀀스 디버깅, 파라미터 튜닝을 통한 시스템 안정화 및 최적화- AI 모델의 현장 성능을 정량적으로 평가하고, 데이터 품질(라벨링, 어노테이션 등) 및 모델 피드백 루프를 운영- 고객 환경에 적합한 데이터 수집 전략을 수립 및 실행하고, 모델 개선을 위한 정제 데이터를 내부 ML팀에 전달- 고객사 및 SI 파트너 대상의 시스템 운영/유지보수 교육 및 기술 지원 제공- 현장 이슈, 고객 피드백, 개선 사항을 식별하여 프로젝트 관리자 및 내부 Tech팀에 리포트 및 공유- 모호하고 예측 불가능한 환경 속에서, 데이터와 논리에 기반하여 문제를 구조화하고 실행으로 연결.","- B2B 기술 분야(로봇, 자동화, AI, IT/SW)에서 3년 이상의 현장 기술 엔지니어(FE, AE, FAE, Commissioning Engineer 등) 경력을 보유하신 분- 로봇 시스템(산업용, 협동로봇, AMR 등), 자동화 설비 또는 AI/머신러닝이 적용된 기기의 현장 설치, 시운전, 유지보수(Troubleshooting) 경험- (로봇 경험 보유 시) ROS/ROS2, PLC, 로봇 컨트롤러 등 이기종 시스템 간 연동 및 통합 프로젝트 실무 경험- (AI 경험 보유 시) 이기종 OT/IT와 엣지 추론 영역에서 ‘데이터→모델→제어’의 전 과정의 설계·검증·운영 실무 경험- 로그 분석, 데이터 기반의 가설 검증을 통해 복잡한 기술 문제의 근본 원인을 파악하고 해결하는 능력- 고객, 파트너사(SI) 등 외부 이해관계자와 기술적인 내용을 명확하게 소통하고 협업하는 능력- 국내외 출장 및 현장 근무에 대한 거부감이 없으며, 주도적으로 문제를 해결하려는 의지가 강하신 분- 새로운 환경에서도 빠르게 문제의 구조를 파악하고 솔루션을 실행으로 옮길 수 있는 적응형 문제해결 역량 (Adaptive Execution) 보유자.","- LIDAR, Depth 카메라, IMU 등 다양한 센서의 캘리브레이션 및 활용 경험- Linux 환경 및 Python, C++ 등 프로그래밍 언어 활용 능력- AI, 머신러닝, 컴퓨터 비전(CV) 프로젝트 관련 현장 지원 또는 데이터 수집 경험- Edge 디바이스(GPU/IPC) 리소스 관리 및 배포 경험- 영어 또는 일본어 비즈니스 커뮤니케이션 능력- 고객 문제 정의에서 모델 피드백까지 End-to-End 플로우를 리드해본 경험 또는 관심."
클레,"3차원 머신비전 카메라 및 하드웨어 개발 전반을 담당합니다.현장 환경에서 안정적으로 작동하는 시스템을 만들기 위해,회로 설계부터 품질 관리까지 전 과정을 주도적으로 수행합니다.• Cortex-A급 기반의 회로 설계 및 고속 통신(이더넷, USB3.0 이상) 설계• PCB Artwork 및 외주 관리• EMC 시험 및 디버깅• 머신비전 시스템의 변경점·품질 관리.","• 직무 관련 전공 학사 이상의 학위를 소지하고 졸업 후 최소 4년 이상의 개발경험을 가진 분을 찾고 있어요.• 업무상 필요에 의하여 해외출장이 있을 수 있습니다.• 주어진 업무에 주장(chief)으로써 능동적으로 고민하고 스스로 결정하며 일을 추진할 수 있어야 합니다.• 군포 시스템연구소(경기도 군포시 공단로 117, 1층)에서 근무가 가능해야 합니다.이런 분이면 더 잘 맞습니다 : )• 산업용 고기능 제품(PLC, HMI, Recorder 등) 개발 경험자• 3D 머신비전용 카메라, 로봇비전 장비 등 유사 제품 개발 경험자• 생산/품질/개발 간 커뮤니케이션을 주도적으로 이끌 수 있는 분.","• 비전 시스템(2D/3D) 개발 경험• Reverse Engineering 역량• 프로젝트 관리 경험 (기구설계 협업 경험 포함)• 기술 스택 및 활용 툴1) HW Design Tools: Altium Designer, OrCAD/PADS2) Debug & Verification: EMC 디버깅3) Interface/Platform: Ethernet, USB3.0, Cortex-A."
에스디티,• 하드웨어 설계 분야 지원• 자재 수급 및 관리• 제품 이력 관리• 인증 업무 지원.,• 초대졸 이상.,• 관련 전공(전자공학과 등) 우대• OrCad/PADS를 다뤄본 경험이 있는자• FPGA를 경험해본 자.
아이씨티케이,• 보안칩에 대한 국내외 고객 기술 지원• HW 개발 기술 지원• 보안칩 개발 문서 관리 등.,"• 경력 7 ~ 15년 (과~차장 / 수석급)• IT 분야 개발 경험자 - Embedded system HW 개발 경험 - 통신 프로토콜(I2C, SPI 등), 반도체 등 관련 지식 보유 - Logic Analyzer, Oscilloscope등 계측 장비 사용.",• Embedded system 관련 제품 SW 또는 FW 개발 경험자• 모바일 제품 개발 또는 지원 경험자• 외국어 가능자 (영어 등).
오토엘(AutoL),• 라이다 디지털 시스템 요구사양 기반 칩 선정 및 Top Design (Xilinx Zynq)2. 라이다 물리 계층 신호 처리 IP RTL 설계 및 검증3. AMBA 프로토콜 기반 시스템 설계 및 검증4. 설계 IP Simulation & Verification5. FPGA 프로토타입 개발 및 검증.,"• 3년 이상 경력자 채용• 전기전자, 컴퓨터, 정보통신 계열 전공자• Xilinx FPGA 사용 경험 및 Xilinx Zynq 기반 설계• Verilog-HDL 기반 RTL 설계• Fixed pts(고정 소수점) 설계 경험• FPGA 프로토타입 개발 및 검증.",• 원활한 커뮤니케이션 능력 • 전기전자/컴퓨터/정보통신 등 관련 공학 계열.
그리드큐어,"Responsibilities [합류하면 함께 할 업무에요]• FPGA 또는 임베디드 시스템 개발• 신호 발생 및 계측용 소형/포터블 장비의 회로 설계 및 개발• 임의파형발생기(DAC 기반) 및 고속 샘플링 오실로스코프(ADC 기반) 회로 구현• ADC, DAC EVM(Evaluation Module) 보드를 활용한 초기 프로토타입 개발• 전압 제어 및 주파수 제어 회로 설계 (Bias 회로, 증폭기, 필터 포함)• 무선 통신 기반 제어 시스템 연동 (PC 장비)• 펌웨어, 소프트웨어 팀과의 협업을 통한 통신 및 제어 인터페이스 개발.","Qualifications [이런 자격은 필수에요]• 전기전자, 제어, 컴퓨터, 메카트로닉스 등 관련 전공 학사 이상• 아날로그 및 디지털 회로 설계 경험• 고속 ADC/DAC 시스템 또는 신호처리 계측기기에 대한 이해• 오실로스코프, 파형발생기 등 계측장비 사용 경험• EVM 보드 또는 SoC 기반 개발 경험• KiCAD, VIVADO, Altium Designer, OrCAD 등 설계 툴 사용경험• EVM 보드 또는 SoC 기반 개발 경험• KiCAD, VIVADO, Altium Designer, OrCAD 등 설계 툴 사용 경험.","Preferred Qualifications [우리는 이런 팀원이면 더욱 좋아요]• 반사파 계측(TDR/FDR 등) 시스템 이해• 고속 신호처리 회로 및 Mixed-Signal 시스템 경험자• RF/EMC 대응 설계 경험• 무선통신 모듈(BLE/Wi-Fi 등) 회로 설계 및 연동 경험• 펌웨어, FPGA 또는 임베디드 시스템 개발 경험• 스타트업 환경 또는 초기 연구개발 장비 설계 경험• 주도적으로 시스템을 설계하고 빠르게 프로토타이핑 할 수 있는 분• 다양한 도메인의 팀원들과 열린 커뮤니케이션이 가능한 분• 연구개발(R&D)의 불확실성을 즐기며, 도전적인 문제 해결에 열정이 있으신 분."
지파워,"IoT 뷰티디바이스 & 아토피 디지털치료제 펌웨어 엔지니어 모집• IoT 기반 뷰티디바이스 및 디지털치료기 펌웨어 설계·개발• 글로벌 뷰티 대기업과 공동개발 중인 차세대 디바이스의 펌웨어 개발 및 최적화• BLE 통신 기반 모바일 연동 기능 개발• 센서, 모터, 온도 제어 등 하드웨어 제어 로직 설계• RTOS 기반 임베디드 시스템 최적화 및 디버깅• 기기 인증 대응 및 제품 안정성 검증.",• 펌웨어 개발 경력 5년 이상• Nordic BLE (nRF52/53 시리즈 등) 개발 경험 필수• RTOS (FreeRTOS 등) 개발 유경험자• C/C++ 임베디드 환경에서의 개발 능숙자.,"• 피처폰, 스마트폰 개발 경험자• 뷰티·헬스케어 디바이스 개발 경험자• 회로도 이해 및 하드웨어 디버깅 능력 보유자• 의료기기(디지털 치료기기, IoT 헬스디바이스) 개발 경험자."
닷,"• 아날로그/디지털 회로 설계2) Embedded CPU(ARM MCU & ARM AP 및 기타 CPU등) 및 Embedded System 회로 설계3) 전원 관련 회로 설계(USB-PD, 충전, DC-DC, EMI 대응)4) 다양한 Motor Control 설계5) OrCAD, PADS 사용한 설계6) 인증 대응 업무(KCC/FCC/CE등)7) 개발 이벤트 및 생산 관련 대응 업무8) 디버깅 및 테스트.",ㆍ학력 : 대졸이상ㆍ경력 : 경력3년~10년.,"• OrCAD, PADS 사용가능자2) 기구 구조 이해 가능자3) Artwork 가능자4) Artwork에 따른 Autocad 가능자5) 다양한 디바이스 생산 및 대응 경력자6) 인증(KC,CE,FCC등) 유경험자 우대7) 운전면허 보유(차량 운전 가능자)."
아틀라스네트웍스,• Network 구축 및 운영 관리 (IDC 관리 포함)• Cloud Server 구축 및 운영 관리• 사내 보유 서버 구축 및 운영 관리.,"• Linux command 및 Shell Script 사용 능력을 갖춘 사람• Firewall, VPN, Network 설정 및 운영 경험이 있는 사람• Linux Server 설정 및 기술 지원 경험이 있는 사람.","• AWS 등 클라우드 서비스를 활용한 개발, 운영 경험이 있는 사람• Grafana 구축/활용 경험이 있는 사람• 각종 서비스 장애 극복 경험이 있는 사람• Kubernetes를 활용한 개발, 운영 경험이 있는 사람• 산업기능요원 보충역 / 현역 전직인 사람• 운전 가능자 우대."
원익로보틱스,"ㆍ펌웨어 설계 - 로봇핸드 센서·구동 제어 보드의 펌웨어 구조 설계 - 실시간 제어 및 동기화 로직 아키텍처 구상 - 통신 프로토콜(CAN, Ethernet, SPI, UART 등) 설계 구상ㆍ펌웨어 설계 및 구현 - RTOS 기반 제어 펌웨어 개발 및 최적화 - 센서·구동기 데이터 수집 및 처리 로직 구현 - 통신 인터페이스 드라이버 개발 및 디버깅ㆍ검증 및 평가 보고 - 하드웨어·펌웨어 통합 테스트 - 성능 측정 및 최적화(주기 안정성, 응답 속도, 데이터 정확도) - 테스트 리포트 및 개선안 작성ㆍ국책과제 수행, 기술문서 작성, 협업기관과의 인터페이스 조율.","ㆍ학력 : 학사 이상(전기·전자계열/로봇공학계열 전공)ㆍ경력 : 6년 이상ㆍ필수기술 - 32bit Cortex-M 계열 MCU 개발 경험자 - RTOS를 활용한 통신 인터페이스(UART, I2C, CAN, Ethernet 등) 개발 능력 - C/C++ 활용 능력.",ㆍAC/DC/BLDC 등의 모터제어 또는 로봇제어 경험자ㆍ각종 관절로봇 개발 유경험자ㆍSTM32 계열 및 FreeRTOS 개발 경험자.
에타일렉트로닉스,"• High Power 무선충전 시스템 송신부 SMPS 설계/개발• High Power 무선충전 시스템 수신부 DC/DC 컨버터 설계/개발• 단상, 3상 PFC 설계/개발• 무선충전 시스템 전력 네트워크 설계/개발.",• 학력 : 학사 이상• 경력 : 무관• 전기전자공학 유관분야 전공.,"• 무선전력전송 관련 지식 보유• 단상, 3상 PFC 설계/개발 경험 보유• High Power SMPS, DC/DC 컨버터 개발 경험 보유• OrCAD/CST 툴 경험 보유• 석/박사 학위 보유."
에타일렉트로닉스,• 무선전력전송 HW 시스템 연구/설계/개발• 무선전력전송 HW 송수신부 코일 연구/설계/개발• 무선전력전송 HW 전력증폭기 연구/설계/개발.,• 학력 : 학사 이상• 경력 : 무관• 전기전자공학 유관분야 전공.,• 무선전력전송 관련 지식 보유• 코일 안테나 관련 지식 보유• OrCAD/CST 툴 경험 보유• 석/박사 학위 보유.
프보이,• 자사 비전 센서 PCB 설계 및 제작• 실시간 무선 센서 데이터 송출 펌웨어 개발• 제품화 및 양산을 위한 외주 제작·조립·검사 일정 및 품질 관리.,"• PCB 개발 및 펌웨어 개발 분야에서 2년 이상 실무 경험• C, C++, Python 등을 활용한 임베디드 시스템 개발 역량• 제품화 및 양산을 위한 회로 설계 및 최적화 경험.","• 관련 전공의 전문학사 이상 학력 보유자• 카메라 모듈 연동을 위한 PCB 설계 및 검증 경험• DSP(Digital Signal Processor) 기반 회로 설계 및 개발 경험• RF 통신 회로 설계 경험• KC, FCC 등 국내외 인증 대응 경험 또는 시험 통과 경험."
폴라리스쓰리디(Polaris3D),"- 로봇 내부 임베디드 보드의 Linux OS 커널 로그/시스템 에러 메시지 분석 및 원인 해소- 시스템 크래시, 드라이버 문제, 네트워크/메모리 관련 오류 등 커널 레벨 트러블슈팅 및 해결- C++ 기반 서비스 및 시스템 소프트웨어 개발- 디바이스 드라이버, IPC (Inter-Process Communication), 네트워크 스택 등 리눅스 환경 하위 레이어 개발 및 최적화- 실시간 로봇 플랫폼에 적용 가능한 안정적인 시스템 아키텍쳐 설계 및 구현- 센서, 제어 모듈, 네트워크 등 다양한 하위 시스템 간의 통신 및 데이터 처리 지원- 소프트웨어 엔지니어 및 하드웨어 팀과 협업하여 통합 테스트 및 배포 자동화 환경 구축.","- 학사 이상 (컴퓨터공학 관련 전공)- Linux OS(특히 Ubuntu, Debian 계열) 기반 개발 및 운영 경험 3년 이상(리눅스 관련 중 BSP 개발 관련 경력)- Linux OS 내부 동작원리와 커널 로그 분석 경험 보- C++ 기반 개발 능력 (STL, 멀티스레딩, 메모리 관리 및 스케줄러 활용 필수)- 디바이스 드라이버, BSP (Board Support Package), Yocto/Buildroot 기반 빌드 환경 경험- GDB, strace, perf 등 디버깅/성능 분석 툴 활용 능력.","- 로봇, 산업용 장비, 자율주행 등 실시간 로보틱스 제어 시스템 개발 경험- 시스템 자원 관리, 성능 분석 및 최적화 경험- 클라우드/컨테이너 환경(Docker, Kubernetes) 기반 배포 경험- DevOps 환경 구축 경험 (CI/CD, Jenkins, GitLab 등)- 영어 기술 문서 독해 및 해외 협업 가능자."
싸이버로지텍,"• 경량화된 AI 모델 및 RAG 기반 서비스 기획, 개발 및 운영• 클라우드 네이티브 인프라(GCP) 설계 및 자동화된 배포 환경 구축• 컨테이너 기반 시스템 운영 및 고객사 IT 프로젝트 기술 지원.","• 클라우드 환경에서의 인프라 구축, 운영 및 최적화 경험이 있으신 분• Python 및 오픈소스 도구를 활용한 AI 서비스 구현 역량이 있으신 분• Docker, Kubernetes, Terraform 기반의 인프라 자동화 및 운영 능력을 갖추신 분• 위 관련 경력 3년 이상 보유 하신 분.","• 생성형 AI 및 RAG 워크플로우 관련 프로젝트 경험이 있으신 분• 모니터링, 보안, 비용 최적화 등 운영 안정화 경험이 있으신 분• 고객사 협업 및 기술 커뮤니케이션 역량을 갖추신 분• 영어 커뮤니케이션 능력 보유 (writing) 하신 분."
스패너,"• 차량용/중장비 임베디드 제어기(32/64bit) 개발• 전원부, 통신부, GNSS부 관련 H/W 개발• 프로토타입 개발 및 제품 인증.",• 전기전자/정보통신/컴퓨터공학 관련 전공자• 해당 직무 근무 경험 5년 이상• 해외여행 결격 사유 없으신 분.,"• OrCAD, PADS, ARM-Core processor• EMC 및 제품 인증 경험자• 기능 안전 요구사항 경험자."
스패너,• STM32을 이용한 펌웨어 개발(CubeMX/CubeIDE/STLink사용)• 주변 회로 이해 및 제품 디버깅• 양산이전 관련 최적화.,• 전기전자/정보통신/컴퓨터공학 관련 전공자• 해당 직무 근무 경험 5년 이상• 해외여행 결격 사유 없으신 분.,• STM32 및 CubeMX/CubeIDE/STLink 사용 경험• 양산 제품 개발 경험• 무선 및 Network 관련 기능 구현 경험• 임베디드 리눅스 등 차량용 OS에 관심있는 자.
토르드라이브,"ㆍ자율주행 차량 시스템 설계 및 제어 알고리즘 개발 ㆍ자율주행 차량 제작을 위한 전체 시스템 아키텍쳐 및 전장 구성도 설계 ㆍ자율주행 차량 제어 알고리즘 개발 - 차량 제어를 위한 컴퓨팅 유닛 설계 및 펌웨어 개발 - 조향, 가감속을 위한 액추에이터 및 x-by-wire 차량 제어 - 차량 내부 통신 분석을 통한 신호 해석 및 제어 신호 생성 ㆍ차량 운행 데이터 분석 및 제어 성능 개선ㆍ센서, ECU 등과의 연동을 위한 통신/신호 흐름 정립 및 유지※ 일부 업무는 AMR(Autonomous Mobile Robot) 플랫폼에도 공통적으로 적용되며, AMR 시스템 개발로의 확장 가능성이 있습니다.","ㆍ관련 분야 전공 및 경력자 ㆍ자율주행 차량 제어 및 시스템 개발에 대한 이해 ㆍC++ 또는 Python 기반 프로그래밍 역량 ㆍ차량 네트워크 (CAN, LIN 등) 분석 및 활용 경험.","ㆍ자율주행 또는 로봇 시스템 관련 프로젝트/제품 개발 경험ㆍ차량 제어기 (ECU, EPS, VCU 등)와의 연동 경험ㆍ시뮬레이션 도구(Simulink, Carla, LGSVL 등) 사용 경험ㆍ실차 테스트 및 계측 장비 활용 경험."
이노서스,"• HIFU 트랜스듀서 및 음향 시스템 아키텍처 설계• 음향 시뮬레이션(Field II, K-Wave, COMSOL 등) 및 조직 전파 해석• 기구·회로·펌웨어·RF팀과의 통합 개발 리딩• 시제품 제작, 성능 검증(DVT), 양산 전환(DFM, Pilot Run) 총괄• KFDA, FDA 510(k), CE 등 의료기기 인허가 대응을 위한 기술 지원• 프로젝트 일정·품질·원가 목표 달성을 위한 개발 로드맵 관리.","• 초음파 의료기기 또는 유사 초음파 장비 개발 경력 5년 이상• HIFU 피부·지방 치료기기 상용화 경험• HIFU 트랜스듀서 설계 및 음향 시뮬레이션 경험• 제품 기획 개발 검증 양산까지 전 주기 경험• 다분야 협업 능력 (기구·회로·펌웨어)• 의료기기 규제환경(KFDA, FDA, CE 등) 이해.",• FDA 510(k) 승인 경험• 해외 협력 개발 프로젝트 경험• 제품 원가 절감·품질관리 경험.
에이엠,HW RF 개발.,"학력 : 대졸이상(전자/통신/전파공학 또는 유사학과 전공자)• 경력 : 신입~경력 20년이하• 5G/LTE/Wi-Fi/BT/GNSS 개발 경험자• 통신 모듈/기기, 전장제품 개발 경험자• Qualcomm 4G/5G Chipset 개발 경험자 우대.",
인스프로테크,"• 서버 및 스토리지(HP/Dell/NetApp 등) 구축 및 운영• 백업 시스템 및 이중화 구성 설계• 장애 대응 및 기술문서 작성• VMware 및 Proxmox 기반 서버 가상화 환경 구축 및 운영• HA 구성, 백업, 리소스 최적화 등 인프라 안정성 확보• 기존 시스템 마이그레이션 및 신규 프로젝트 수행.",• 관련 경력 5년 이상 (과~차장급 해당자)• VMware vSphere 및 Proxmox VE 구축 경험 필수• 리눅스 및 윈도우 서버 운영체제에 대한 이해• 시스템 아키텍처 설계 및 네트워크 연동 경험• 내부 고객 및 벤더 커뮤니케이션 능력.,"• 대규모 서버 가상화 프로젝트 PM 또는 PL 경험자• Hyper-V, KVM, Xen 등 가상화 기술 경험• ZFS / CEPH / NAS / 백업 시스템 연동 경험• 공공기관 또는 금융권 프로젝트 참여 경험."
리브스메드,• FPGA RTL 설계• 영상 솔루션 개발: 디지털 로직 설계• 이미지 센서 제어 및 영상 입출력 제어.,"• FPGA 개발 경력 8년 이상 보유자 (과장~차장급)• Xilinx/Altera FPGA 사용 경험자 • Xilinx Zynq, Intel NIOS 등 유사 MCU 사용 경험자 • AMBA Bus 기반 로직 개발 경험자 • FPGA Prototyping 경험자• 영상처리 지식 및 이해도가 높은 자.",• 이미지 프로세싱 알고리즘 개발 경력자• HLS 설계 경험자• VHDL 또는 Verilong 설계 경험자• RTL 합성 및 Timing 분석 능력 보유자.
씨드로닉스,"• 선박용 센서모듈 전기/전자 회로 설계 : 전원 계통 시스템 회로 설계 : MCU, IC를 포함한 PCB설계· 센서 드라이버/통신 펌웨어 개발 : MCU 기반의 펌웨어 개발 : 센서 및 통신 모듈 연계 로직 구현· 제품 운영 테스트 및 현장 지원.","• 2년 이상의 PCB/펌웨어 설계 경력· Cortex M3/4, ESP32 등 MCU 펌웨어 개발 경험· 디지털 및 아날로그 회로 설계 경험.","(우대) PCB Artwork 경험(우대) STM32CubeIDE, STM32CubeMX 등 STMicro 개발 환경 경험(우대) 다양한 통신 인터페이스(UART, I2C, SPI 등) 개발 경험(우대) C/C++/Python 프로그램 개발 경험(우대) EMI 인증 경험(우대) 비즈니스 영어 커뮤니케이션 가능자."
네오랩컨버전스(NeoLab),"• 스마트펜 및 소리펜 등 전자 제품 하드웨어 개발• 회로설계, PCB 설계, 개발 검증, 양산 Follow-up• 신규 부품 개발, 불량 분석, 제품 인증 지원.","• 경력: 5년~15년• 학력: 학사 이상• 전공: 전자, 정보통신 관련학과• 전자 회로 이해 가능자• 휴대용 전자제품 개발 경험자.","• Wi-Fi, Bluetooth 등 단말 개발 경험• 설계 Tool 사용 가능자 (OrCAD, Allegro)• 원활한 커뮤니케이션 능력 보유자."
포티투닷(42dot),"차세대 차량용 NPU(Neural Processing Unit) 설계 및 개발을 주도할 NPU hardware engineer를 모집합니다. 이 직무는 딥러닝 가속기에 최적화된 하드웨어 설계를 수행하며, 자동차 환경에서 요구되는 신뢰성과 실시간 성능을 만족하는 프로세서를 개발하는 핵심 역할을 담당합니다.• 자율주행 및 인공지능(AI) 연산을 위한 NPU 아키텍처 설계 및 최적화• 딥러닝 연산(Convolution, Transformer 등)에 최적화된 하드웨어 가속기 설계• 메모리 서브시스템 및 데이터 이동 최적화 (DMA, 캐시, 버스 구조 등)• 전력 효율 및 성능 최적화를 고려한 RTL 설계 및 검증 (Verilog, SystemVerilog, SystemC, UVM)• ASIC 및 FPGA 기반의 프로토타이핑 및 성능 검증• SoC(System-on-Chip) 내부의 다른 모듈(ARM, DSP 등)과의 인터페이스 설계• 자동차 반도체의 기능 안전(ISO 26262) 및 신뢰성 설계 적용.","• 전자공학, 컴퓨터공학, 반도체 공학 등 관련 전공 학사 이상 (박사 우대)• NPU, GPU, DSP, 또는 AI Accelerator 설계 및 개발 경험• RTL 설계 및 검증 경험• ASIC 또는 FPGA 설계 경험 및 논리 합성(Timing, Power Optimization) 경험• 메모리 및 데이터 패스 최적화 경험• 버스 프로토콜(AXI, AHB, PCIe 등) 및 병렬 컴퓨팅 아키텍처 이해.","차량용 반도체 표준(AEC-Q100, ISO 26262 등)에 대한 이해 및 경험• 임베디드 SoC 및 자동차 전용 프로세서 개발 경험• ASIC(Application-Specific Integrated Circuit) 설계 및 Tape-out 경험• AI/ML 워크로드 및 신경망 최적화에 대한 깊은 이해• AI/ML 알고리즘 및 뉴럴 네트워크 가속기 설계 경험• 전력 최적화 설계 및 PPA (Power, Performance, Area) 최적화 경험• 글로벌 팀과의 협업 경험 및 원활한 영어 커뮤니케이션 능력."
파스텍,"• 모터 드라이브 개발• Hardware, Firmware 설계 및 구현• 인증 업무 (EMC, Functional Safety 등).","• 학력: 대졸 이상• 전공: 전기, 전자 관련학과• 경력: 3년 이상.",• 모터 드라이브 개발 경력자• Functional Safety 인증 경험자• Embedded(Firmware) Programming 경험자.
리브스메드,• 소형 의료기기 HW/FW 개발• 디지털 임베디드 시스템 설계• 의료기기 인증 업무 지원 및 기술 문서 작성.,"• HW/FW 개발 경력 7년 이상 보유자 (과장~차장급)• 전자/제어계측, 전자공학 등 유사 학과 대졸자• 디지털 임베디드 시스템 설계 경험자• MCU 설계 및 FW 구현 가능자• OrCAD , KiCAD 등 전자 회로도 설계 가능자• C 프로그래밍 가능자• 모터, 통신 제어 프로그래밍 가능자.",• 의료기기 제조 / 인증 경험 보유자• 고속 신호 하드웨어 설계 경험자• 석사 보유자• 영어 커뮤니케이션 가능자.
리브스메드,• 소형 의료기기 MCU 설계 및 FW 제작• 디지털 임베디드 시스템 설계.,"• HW 개발 경력 2년 이상 보유자 (주임~대리급)• 디지털 임베디드 시스템 설계 경험• MCU 설계 및 FW 제작 가능 • OrCAD , KiCAD 전자 회로도 작성 가능• C 프로그래밍 가능 • 모터, 통신 제어 프로그래밍 가능.",• 의료기기 분야 경험 보유자• 상용화 및 양산 개발 경험자.
스카이랩스(SkyLabs),"• 초소형 의료기기 제어용 펌웨어 개발 (ARM Cortex-M 기반)• 배터리 기반, 저전력 제어 (소모전류 최적화)• 범용 인터페이스 제어 (UART, I2C, SPI, GPIO, ADC)• 무선 통신 제어 (BLE)• 센서 제어 (가속도, 온도, ECG, PPG)2) 초소형 의료기기 인증 지원3) 초소형 의료기기 양산 지원.","• 학력 : 대졸 이상, 공학계열(전자/컴퓨터/소프트웨어 등 관련 분야)• 경력 : 2년 이상• 해외 출장에 결격 사항이 없는 분 • 데이터시트 해석 가능 하신 분공학계열 (전기/컴퓨터/소프트웨어) 전공자.",• BLE MCU 개발 경험이 있으신 분• RTOS 개발 경험이 있으신 분• PC GUI (C# or 파이썬) 개발 경험이 있으신 분• 하드웨어 개발/디버깅 경험이 있으신 분• 관련 동아리/학회 경험이 있으신 분• 전공 학점이 우수하신 분 • 정보처리기사 자격증을 소유하신 분.
스카이랩스(SkyLabs),• 의료기기 제어용 HW 개발• 생체정보Sensor 응용 설계(PPG)• MCU Peripheral 설계 및 디버깅• 저전력 기반 MCU operation power debugging 및 전력소모 최적화• 소형 리듐이온 배터리 성능 검증 및 응용 설계 2) 제품 양산 follow up• PCB 제조 및 PBA 상태에서의 성능 검증.• 양산 수율 개선을 위한 공정 개선• 업체와의 유연한 소통• 시험 및 인허가 대응 3) EMC/EMI/IEC-60601-1 인증 대응.,"• 초대졸 이상, 공학계열(전기/전자/컴퓨터/소프트웨어)• HW개발 경력 2년 이상• 디지털 계측기 사용 가능(오실로스코프, power meter, signal generator)• OR CAD 사용 회로 schematic 작성 가능• 논리적이고 원활한 커뮤니케이션 능력을 보유한 분.","• 의료기기/웨어러블 타입 제품 개발, 인증, 양산 및 출시 경험• 펌웨어/하드웨어 관련 동아리/학회 경험• 전공학점 우수자."
에스알브이포지셔닝,[전형절차]• 티타임 후 상세 조건 조율 후 입사[주요업무]• 개발 완료된 기존 시스템 고도화 진행• 신규 시스템 기획 개발.,• 하드웨어 이해도를 가진 개발자• 개발 툴(IDE)환경에서 임베디드 보드 펌웨어 개발 경험• Linux OS 환경에서 개발 작업 경험 • C/C++ 코드 개발이 가능한 개발자.,• 자유롭게 팀 원 간 소통이 잘되는 개발자 :).
에이에스이티,• 차세대 이차전지용 신규부품 연구 및 개발 업무.,"• 4년제 대학교 졸업 이상(이공계열)• 화학과, 신소재공학, 화학공학과 등 전지관련 소재 및 전지개발관련 전공.",전지개발관련 경력전지관련 석/박사 학위 보유.
에이슨,"• 웨어러블 바이오센서, 기기 하드웨어 개발• 회로 분석 및 설계, 제작, 검증• F/W, S/W와의 협업• PCB Artwork (PCB 설계 Tool: Altium)• 부품선정 및 구매.","• 학사 이상• 회로설계 분야 5년 경력 이상• 해외출장에 결격사유가 없는 자[근무조건]• 근무형태: 정규직 (수습기간 - 3 개월)• 근무일시: 주5 일 (월~금), 9:00~18:00• 근무지역: 서울 강서구 화곡로 416 (가양역 바로 앞).","• 전자공학 및 관련 전공자• 웨어러블 의료기기 하드웨어 개발 경험자• 초소형 회로 설계 전문성• 의료기기의 인허가 및 규격에 대한 이해 보유• 제품개발 ~ 양산 전 과정 경험 보유[채용 절차]• 서류 전형 -＞ 1 차 면접 -＞ 2 차 면접 (필요시) -＞ 최종 합격 (면접일정은 추후 개별 안내합니다.)• 허위사실이 발견될 경우 채용 확정 이후라도 채용이 취소될 수 있습니다.[제출 서류]• 자유 형식 이력서 (경력 상세 기술, 해당 시)."
캐리마텍,"• 3D 프린터 기구 설계 또는, 전장 설계: 기구설계(3D 모델링 및 2D 도면 제작), 전장설계(PCB 및 하네스 설계)• 기존 제품 유지 보수: 기존에 제작되어 있던 제품의 유지보수 및 개선작업• 신제품 개발: 3D 프린터, 후경화 장치, 세척기 등의 제품 개발• 기술문서 제작: HW관련 기술문서 작성 및 배포.","• 학사 이상의 관련전공• 관련 직종 5년이상의 경력• 기구설계: 3D 및 2D 설계 툴 사용 경험• 전장설계: PCB 설계 툴 및 하네스 설계 경험• 다양한 직급, 부서의 사람들과 커뮤니케이션 능력• 업무관리를 위한 문서작성, PPT작성 능력• 영문 검색 및 메일 작성 능력전형절차 • 서류전형 ＞ 1차면접 ＞ 2차면접 ＞ 최종합격 • 면접일정은 추후 통보됩니다.","• 의료기기, 로봇 등 HW 설계 프로젝트 개발 경험• 기구 설계 프로그램: 인벤터, AUTO CAD• 전장 설계 프로그램: 알티움, PADS• 마이컴, 펌웨어 등에 대한 지식 및 경험."
제로원에이아이,"• 의료 / 금융 데이터 분산처리, 실시간 데이터처리 파이프라인 개발 운영• 하이브리드 클라우드 백엔드 시스템 개발 운영• AI 분석환경/학습/추론백엔드, 빅데이터 백엔드, LLM 백엔드 시스템 개발 운영• 3가지 기술방향에 공감 하고, 기술 면접 때 설명할 수 있어야 함. Cloud Native : https://github.com/cncf/toc/blob/main/DEFINITION.mdSoftware2.0 : https://karpathy.medium.com/software-2-0-a64152b37c35Shcillace Laws of Semantic AI : https://learn.microsoft.com/en-us/semantic-kernel/howto/schillacelaws[채용절차]1차 서류전형 ＞ 2차 코딩 테스트 ＞ 3차 기술 QA ＞ 레퍼런스체크 ＞ 4차 최종면접 ＞ 최종합격[지원 시 주의사항]• 6개월의 수습 기간이 있습니다.(수습 기간 동일 급여와 복리후생 보장)• CV 공통 필수 기재사항 : 전화번호, 이메일주소, 깃랩주소, 입사가능날짜• CV 경력직 필수 기재사항 : 희망연봉[참고사항]• 서류 합격자에 한해 연락드립니다.• 본 채용은 수시 진행으로 우수 인재 채용 시 마감될 수 있습니다.","[필수]언어 : 하나의 언어에 대한 강한 자신감이 있는 개발자 : Go 또는 Rust 또는 C++ [필수]기슬스택 : K8S, CNCF, Bigdata, 클라우드 네이티브[필수]경험 : 빅데이터분산처리, 고가용성, CNCF 생태계, 온프라미스/하이브리드 클라우드, CI/CD • 3가지 기술방향에 공감 하고, 기술 면접 때 설명할 수 있어야 함. Cloud Native : https://github.com/cncf/toc/blob/main/DEFINITION.mdSoftware2.0 : https://karpathy.medium.com/software-2-0-a64152b37c35Schillace Laws of Semantic AI : https://learn.microsoft.com/en-us/semantic-kernel/howto/schillacelaws.","• 우대사항 : 아래 사항 중 해본 적이 있거나, 기술 방향을 아래 키워드로 바꾸려는 경력 개발자: RAG, LangChain, LlamaIndex, LLM, SLM, GenAI, ComfyUI: Cloud Native, LLMOps, AIOps, MLOps, autoML, CNCF, K8S, Bigdata(spark, hadoop, kafka), Hybrid Cloud, Kaggle : AWS Bedrock, AWS Sagemaker, GCP Vertex AI, Azure ML Studio, OpenAI • 우대경험 Prompt Engineering 경험, SLM 학습경험, LLM fine-tuning경험, LLMOps 구축 운영경험, LangChain/Llamaindex개발경험, RAG 시스템 설계 개발 경험, StableDiffusion 경험, CompyUI경험, CKA, CKAD, CKS, KCNA, Golang서버개발경험, 빅데이터(Big Data) 시스템 개발경험, AI 파이프라인경험(MLOps, AIOps, CI/CD), AWS 등 클라우드 서비스경험, Database/API 개발경험, 데이터센터인프라개발경험, 블록체인 프로젝트 개발경험, AI모델개발 경험(캐글 및 주요대회 상위입상), AI 모델서빙 및 운용경험, 탑티어 컨퍼러스 및 저널 출판 경험, 보안AI(secure AI, federated learning)개발경험, Regreesion/Classification/ObjectDetecton/TimeSeries AI 개발경험, 인과추론 AI 개발경험, 글로벌AI과정이수경험 (cs329s, cs231n, cs224n, Deeplearning.ai)."
엔트,"• 냉동사이클 설계, 최적화• 제품 성능 검증• 양산화 지원.",• 관련 경력 5년이상.,"• 관련 자격증• 3D 설계 툴, 해석 툴 등 사용가능."
에이슨,• ARM core 기반 펌웨어 개발• Analog front-end 기반 펌웨어 개발• BLE wireless network 펌웨어 개발.,"• 해당 분야 3 년 이상 경력 보유자• 해외 출장에 결격사유 없는 자[근무조건]• 근무형태: 정규직 (수습기간 - 3 개월)• 근무일시: 주5 일 (월~금), 9:00~18:00• 근무지역: 서울 강서구 화곡로 416 (가양역 바로 앞).",• IoT security 인증 경험자 우대• 해당 업무 기반 펌웨어 개발 경력 보유자• Nordic nRF52840 및 BLE 개발 경험자 우대[채용 절차]• 서류 전형 -＞ 1 차 면접 -＞ 2 차 면접 (필요시) -＞ 최종 합격 (면접일정은 추후 개별 안내합니다.)• 허위사실이 발견될 경우 채용 확정 이후라도 채용이 취소될 수 있습니다.[제출 서류]• 자유 형식 이력서 (경력 상세 기술).
이온어스,"• 전력변환장치 개발(DSP F/W, H/W 설계, 시험, 검증)• 이동형에너지저장장치 System 통합(전장,배터리팩,EVSE)• 시스템 전장 개발• HMI, 임베디드• 개발업무지원• PM업무.",• 해당 직종 유경험자 • 직급 : 수석연구원/팀장급 (면접 후 결정).,"• PM 경력자• 자동차 전장 부품류 설계/개발 근무 경험• 문서작성 우수자• 전기/전자공학, 반도체공학, 기계공학과, 메카트로닉스공학 전공자 우대• UL/IEC 인증업무 진행 유경험자."
엔트,"• 전자제품, 공조기 PCB 개발 및 외주업체 관리• 전자제품, 공조기 펌웨어 개발 및 외주업체 관리.","• 관련경험 5년 이상• 해외여행에 결격사유가 없는 분• 전기, 자동제어 개발업무 경험이 있으신 분.",• 인버터 압축기 경험• 에어컨 개발 경험.
이투비비,"ㆍ안티드론 무력화 방어시스템 개발ㆍ산업용 PC제작ㆍ필드시험지원(FAE)ㆍ하드웨어 회로설계ㆍRF 신호 튜닝, GNSS 신호 튜닝ㆍHigh power Amp.",ㆍ학력 : 대졸이상ㆍ경력 : 5년 이상.,"ㆍ정보통신, 정보처리기사 자격증 소지자 우대ㆍ관련학과 우대."
코아시아씨엠코리아,"스마트폰 카메라 모듈 개발 업무(HW) • HW (0명)1. 원자재 설계 및 검토 : FPCB 회로 설계 및 검토, Array 도면 작도, Die Attach 및 Wire Bonding Guide 도면 작도 등 2. 원자재 실물 검토 : FPCB 외관, 평탄도, 치수 검토 SMT SUS 평탄도 및 Void 검토 등 3. 원자재 이원화 : FPCB 업체별 DFM 자료 검토 및 사양 협의, FPCB 제작 후 선도, 이원화 실물 검토 등4. 선행 기술 개발 : 미세회로 패턴 설계 및 구현, OIS 카메라 모듈등 개발 업무 진행.","경력 0년 이상 ~ 15년 이하대학졸업(2,3년) 이상.",해당 직무 경험.
코아시아씨엠코리아,"스마트폰 카메라 모듈 개발 업무(PL) • PL (0명) 1. 개발업무 : 개발 일정 관리,승인 샘플 제작 , 승인 자료 검토, 승인원, 고화소 및 OIS 카메라 개발등 2. 고객대응 : 고객 사양 검토 및 자료 작성, 제품 불량 분석 및 보고서 작성, 제품 개발에 필요한 전체 업무 관리(원자재 일정, 공정 프로세스 수립, 수율 개선, 업무 조율등)3. 선행개발 : 모바일 카메라 관련 선행기술 검토, Working Sample 제작 및 검토 등 3. 선행개발 : 업체 동향 조사, Working Sample 제작 및 검토 등.","경력 0년 이상 ~ 15년 이하대학졸업(2,3년) 이상.",해당 직무 경험.
오비이랩(Obelab),"• 의료·측정기기용 혼합 신호(Mixed-signal) 회로 설계 및 검증• 시스템 요구사항 정의, 전원/통신/센서 인터페이스 설계, 회로도 및 PCB Layout 검토• 펌웨어(FW) 개발 및 하드웨어 검증 자동화 시스템 구축 (테스트 장비, 교정기, 생산용 Jig, 기능검증 툴 등 개발 포함)• EMC/ESD 등 규제 요구사항 대응 및 제품 안정성 검증• 생산단계 장비 셋업, 공정 최적화, 품질 개선 지원• 기술 리스크 분석, 설계 표준화, 기술문서 작성 및 변경관리• HW/FW 통합 테스트 및 시스템 디버깅 수행• 신기술 검토 및 차세대 플랫폼 아키텍처 제안.","• 전자, 제어, 컴퓨터, 통신 관련 전공 학사 이상• 하드웨어 개발 경력 5년 이상 • 아날로그·디지털 회로 설계 및 PCB 개발 경험 (Altium, PADS, OrCAD 등)• MCU 펌웨어(C/C++) 개발 및 디버깅 경험 (STM32F4 시리즈)• 오실로스코프, 로직 분석기 등 계측장비 활용 능력• 제품 개발부터 양산까지의 전체 프로세스 경험• 협업 중심의 커뮤니케이션 역량 및 기술적 리더십.","• 석사 또는 박사 학위 소지자 • 의료기기, 생체신호 측정기기 등 규제산업(ISO 13485, IEC 60601 등) 경험자• Mixed-signal 회로, 고전압/고정밀 측정회로 설계 경험• 테스트 자동화(FW + 장비 제어) 경험• 생산공정 개선 및 공정기술(Production Engineering) 경험• Minitab, Python, LabVIEW 등 통계·테스트 분석 툴 사용 능력• 기술 표준화 및 설계검증(DV, DVT) 프로세스 구축 경험."
엠트리센,＜사용기술＞ᆞMCUᆞHWᆞPadsᆞOrcadᆞpcb＜담당업무＞ᆞ전기전자회로 설계/개발ᆞPCB 설계(Artwork)ᆞICT 융복합 제품 선행개발ᆞ기능 검증 및 디버깅ᆞ신뢰성 시험ᆞ생산 자료 관리 / 승인원 관리.,ᆞ관련분야 경력 3년 이상ᆞPADS 또는 Or-CAD Tool 사용 가능자ᆞ전기/전자/제어계측/컴퓨터 관련 전공자.,ᆞMCU 기반 전자회로 설계 경험자ᆞ멀티미디어 제품군 HW 설계 경험자ᆞ소형가전(전자) 제품군 HW 설계 경험자ᆞ관련 분야 석박사학위 소지자ᆞEMI/EMC 디버깅 가능 개발자ᆞ시뮬레이션 기반 회로설계 경험자ᆞEmbedded/MCU 펌웨어 가능자(C언어).
아이씨티케이,• 보안 인증 요구사항 파악• 인증 요구 사항에 따른 하드웨어 설계/검증.,"• 디지털 회로 설계 : Verilog 또는 SystemVerilog를 이용한 RTL 설계 능력 보유. 디지털 로직 설계 및 시뮬레이션/디버깅 경험• 암호 기술 이해 : 대칭키, 공개키, 해시 등 주요 암호 알고리즘에 대한 기본 지식 보유, 암호 하드웨어 구현에 대한 관심과 이해• Bus 인터페이스: AMBA Bus (AXI, AHB, APB 등) 프로토콜 이해 및 연동 설계 경험.","• SoC 아키텍처 : RISC-V 또는 ARM Core 기반 SoC 설계/통합 프로젝트 경험, CPU/메모리/주변장치 연동 경험• 보안 인증 : CC, KCMVP, FIPS 140 등 보안 인증 획득 과정 참여 또는 관련 지식 보유• 기타 역량 : FPGA 기반 프로토타이핑 및 보드 레벨 디버깅 경험."
모빌리티랩,군집 무인 방제사농업용 드론을 활용한 방제 작업 수행(내년 시즌 현장 투입) QGC 기반 당사 방제 제어 소프트웨어 현장 적용 및 최적화 피드백군집 비행/다중 기체 운영 프로세스 실증 및 개선.,학력: 학력무관경력 요구: 방제 경력 3~5년.,자격: 초경량비행장치 1종 이상픽스호크 관련 경험.
코아시아씨엠코리아,"스마트폰 카메라 모듈 개발 업무(화질) • 화질 (0명) 1. 승인 평가 : 광원 체크 및 폰 바이너리 확인 등 2. 한도 평가 : Master CAL 및 각 군별, Color CAL 진행 등 3. 화질 평가 : 암실 정량 및 실외,실내 정성 촬영 4. 테스트 : 낙하 테스트 이후 해상력 비교 검토 등.","경력 0년 이상 ~ 15년 이하대학졸업(2,3년) 이상.",해당 직무 경험.
에스디티,• 하드웨어 회로 설계 및 개발 - RF회로의 설계 및 검증 - FPGA보드 및 임베디드 보드의 설계 및 검증• 개발 제품 성능 시험 검증/분석/디버깅/신뢰성 검증 및 확보• 제품 인증/양산화/기술문서 작성.,• 초대졸 이상• OrCad/PADS를 능숙하게 다루는 자• 다층 RF회로 설계 경험자.,"• 관련 전공 석/박사 학위자의 경우 신입 지원 가능• H/W 제품 양산 경험자• AMD, FPGA 시스템 개발 경험자."
태경엠텍,• IoT 단말 설계 및 개발2. 디지털 계량기 설계 및 개발3. 디지털/아날로그 회로 설계 및 검증4. 통신사업자 및 KC(방송통신)인증.,"스킬 : OrCAD, Cadence, 임베디드 하드웨어, RF학력 : 대졸이상 (졸업예정자 가능)경력 : 무관.","해외근무 가능자유관업무 경력자 우대 (3년 이상)전공 : 전기, 전자공학, 정보통신공학."
에타일렉트로닉스,"• 무선전력전송 코일/안테나 연구/설계/개발• FOD(Foreign Object ​Detection), ​PD(Position Detection) ​연구/설계/개발.",• 학력 : 석사 이상• 경력 : 무관• 전기전자공학 유관분야 전공.,"• 박사 학위 보유• 무선전력전송 ​분야 지식 ​보유• 무선전력전송 ​코일/안테나 연구/설계/개발 ​경험 ​보유• FOD, ​PD 연구/설계/개발 경험 ​보유• OrCAD, ​CST 툴 경험 ​보유."
토르드라이브,"ㆍ자율주행 차량 및 로봇 전장 시스템 설계 및 배선 아키텍처 구성ㆍECU, 전원 분배 장치(PDU), 리레이/퓨즈 박스, 커넥터 등의 선정 및 배선도 작성ㆍ전장 부품 신뢰성/EMC 설계 검토 및 규격 대응ㆍ전장 부품 생산 사양서 및 도면 작성ㆍ차량 내 센서/컴퓨팅/액추에이터 시스템과의 전기적 연동 테스트ㆍ협력업체 대응 업무.","ㆍ전기전자공학, 자동차공학, 메카트로닉스 등 관련 전공 학사 이상ㆍ전장 설계 및 회로 구성 유경험자 (2년 이상)ㆍ차량용 전기시스템 (12V/24V), CAN/LIN 통신 기반 시스템 이해ㆍ전장 부품 도면 및 Harness Drawing 작성 가능 (CAD 또는 E-CAD 사용).","ㆍ자율주행/ADAS 시스템 이해 또는 프로젝트 참여 경험ㆍISO 26262, ASPICE, 자동차 기능 안전 규격 대응 경험ㆍ양산용 전장부품 사양 관리 및 벤더 커뮤니케이션 경험."
토르드라이브,"ㆍ자율주행 센서 및 제어장치(ECU 등)의 기구 설계 및 제품화ㆍ3D 모델링 및 2D 도면 작성 (CATIA, NX, SolidWorks 등 활용)ㆍ방열, 방수(IP등급), 방진 등 환경 대응 설계ㆍEMC 대응을 위한 메탈/하이브리드 하우징 설계ㆍ방진, 방열 및 구조 안정성 검토ㆍ시제품 제작, 평가 및 대응 (금형/사출/가공 등 제조공정 협의)ㆍ협력업체 대응 업무.","ㆍ기계공학, 메카트로닉스, 제품디자인 등 관련 전공 학사 이상ㆍ기계/기구 설계 경력 2년 이상ㆍ3D CAD 툴 활용 숙련자 (CATIA, NX, SolidWorks 등)ㆍ열/진동/강도 설계에 대한 기본 지식.",ㆍ양산용 자동차 부품 설계 경험ㆍ기술 문서 작성 능력.
아폴론,"• Raman spectroscopy 기반 광학 실험 설계 및 수행• 광학 측정 장비 세팅 및 시편 테스트• 측정 데이터 정리, 통계 분석 및 시각화.","• 광학, 물리학, 바이오포토닉스, 전기전자, 의료공학 등 관련 전공 석사 이상• Raman spectroscopy 또는 광학 센서 관련 실험 경험• 기초적인 데이터 분석 역량 (Python/pandas 등)• 실험 결과를 문서화하고 발표할 수 있는 능력• 팀원들과 원활하게 소통하며 협업할 수 있는 분.","• 관련 논문 게재 혹은 특허 출원 경험자• 광학 설계 프로그램 (Zemax 등), 3D 설계툴(Solidworks 등) 경험자• 의료용 광학 센서 또는 생체신호 측정 관련 연구 경험• 시료 제작 또는 팬텀 실험 경험• Python, MATLAB 등 분석툴 활용 능력• 영어 논문 이해 및 기술자료 작성 경험• 국책과제 수행 경험자."
오픈엣지테크놀로지,"• Analog PHY 설계: Memory (LPDDR4/5, GDDR6/7, NAND) PHY IP 설계 - 고속 Transceiver, Equalizer (CTLE, DFE) 설계 - PLL/DLL 설계.","[필요 스킬]• High-speed Transceiver (RX, TX)• DRAM I/O Interface• 고속 아날로그 설계 기술 (PLL, DLL)[자격 요건]• 경력: 2년 이상 해당 전문 분야 종사• 반도체 및 컴퓨터, 전기/전자학과 졸업자• 해외 여행에 결격 사유가 없으신 분.","• High-speed Transceiver 양산 및 테스트 경험 (유선, 무선)• Mixed Mode Simulation 개발 경험• 직무 관련 양산 프로젝트 경험 우대• 취업 보호 대상자 (보훈, 장애 등)는 관련 법령에 의거하여 우대."
리브스메드,• FPGA RTL 설계• 영상 솔루션 개발: 디지털 로직 설계• 이미지 센서 제어 및 영상 입출력 제어.,"• FPGA 개발 경력 5년 이상 보유자 (대리~과장급)• Xilinx/Altera FPGA 사용 경험자 • Xilinx Zynq, Intel NIOS 등 유사 MCU 사용 경험자 • AMBA Bus 기반 로직 개발 경험자 • FPGA Prototyping 경험자• 영상처리 지식 및 이해도가 높은 자.",• 이미지 프로세싱 알고리즘 개발 경력자• HLS 설계 경험자• VHDL 또는 Verilong 설계 경험자• RTL 합성 및 Timing 분석 능력 보유자.
이씨에스텔레콤,"• 시스코 IPT & 화상회의 엔지니어 업무• PoC, 구축, 제안서 작성 등.",[필수사항]• 시스코 IPT 3년 이상 경력자• 직급 : 대리~차장.,"• 화상회의(Video) 경험자• 네트워크 경험자(라우터, 스위치, 무선랜, 방화벽 등)• 제안서 작성 및 제안 PT 유경험자• 제안 컨설팅 경험자• 솔루션 구축 / PM 직무 경험자."
텔레픽스,• 디지털 회로 설계• 이미지센서 주변회로 설계• FPGA기반 디지털 HW 장비 개발.,​• 회로 설계 툴 사용 가능자(Orcad)• 아트웍 설계 검토 가능자• 유관경력 2년 이상 혹은 그에 준하는 경력과 역량을 보유하신 분.,• ​통신 관련 설계 유경험자(transceiver 사용)• 고속 신호 혹은 메모리 설계 유경험자• 유관산업 근무 경험• 전자공학 전공자.
한솔테크닉스,"• TV 구동 전원공급장치(SMPS) 회로 개발• 전자제품 구동 전원공급장치(SMPS) 고출력, 고밀도 선행 회로 개발.","• 경력 : 유관 경력 5년 이상• 학력 : 학사 이상• 전공 : 전기전자, 전력전자 관련 전공자.","• TV용 전원회로 개발 경력자 우대• PCB Artwork (PADS Tool 외) 가능자• 전기/전자 관련 자격증 보유자• 어학(영어) 우수자[채용절차]• 서류전형 ＞ AI역량검사 ＞ 실무/임원면접 ＞ 채용검진 ＞ 평판조회 ＞ 최종합격※ 서류전형 시 경력기술서를 별도 요청드릴 수 있습니다.[근무조건]• 근무형태 : 정규직• 근무일시 : 주 5일(월-금) 일 8시간 근무• 근무지 : 경기도 수원[기타안내]• 입사지원서 및 제출서류에 허위 사실이 있을 경우, 합격 및 입사가 취소될 수 있습니다.• 국가보훈 취업지원 대상자 및 장애인은 관련 법령에 의거하여 우대합니다.• 일체의 채용서류는 [개인정보보호법] 및 [채용절차 공정화에 관한 법률]에 의거하여 반환 및 파기할 예정입니다.• 상세 일정은 각 전형절차 단계별 합격자에 한하여 개별 안내드릴 예정입니다."
엑소시스템즈,- 디지털 헬스케어 기기의 회로 설계 및 펌웨어 개발- 생체신호 취득 및 사용자 App SW와 데이터 통신 개발- ARM Core F/W : Cortex-M Series- Analog 설계 : Active Filter.,- Arm 펌웨어 개발 역량- Analog 회로 설계 역량 (디버깅 포함)- 관련 경력 3년 이상 (개발 포트폴리오 제출)- PCB Artwork 숙련자- RTOS 포팅 및 개발 역량- 업무에 대한 프로의식 및 책임감.,• 생성형 AI 등 생산성 향상 툴 활용이 가능하신 분- 실제 상용 제품 개발 참여 경험자- 스타트업 창업 및 합류 경험자- 유사 분야 업무 경험자 혹은 현업자.
에바(Evar),"＜전기차 급속충전기 및 이동형 충전기 전기 설계＞• 충전 시스템의 전력 구조 및 배전 설계• 전기 배전 회로 설계 및 전장 부품 개발• 충전기 안전 표준(IEC, UL, CE 등)에 맞는 설계 및 테스트 수행＜협력 및 커뮤니케이션＞• 하드웨어팀, 기구팀, FW팀 등 관련 부서와의 긴밀한 협업• 협력 업체 및 외부 인증 기관과의 협력 및 기술 조정• 전기차 충전기 관련 국제 표준 및 규제 요구 사항 파악 및 반영.","• 전기/전자공학, 전력전자, 또는 관련 분야 학사 학위 이상• 전력전자 및 전장 시스템 설계 경험 (5년 이상)• EV 충전기, 배전 시스템, 또는 배터리 관련 설계 경험자 우대• 전기차 충전 시스템 관련 국제 표준 및 규제에 대한 이해• 고전압(DC 1500V 이상) 설계 경험 우대• 전기 배선도 및 PCB 설계 관련 툴(Altium, OrCAD 등) 사용 능력• EMC/EMI 설계 및 테스트 경험 우대• 문제 해결 능력 및 협업 능력.","• EV 충전기 또는 에너지 저장 시스템(ESS) 관련 경험• 전기차 관련 업계에서의 경험• 국제 표준(IEC 61851, UL 2202 등) 준수 설계 경험• 전력전자 및 충전 인프라 관련 기술 개발 경험• 고전압 및 고전력 전력전자 기술 개발 및 최적화• 충전기 전장 설비와 관련된 인터페이스 설계 및 개발• 전장 관련 EMC/EMI 대응 및 문제 해결."
볼시스,• 하드웨어 회로 설계/ 제작/ 테스트• 무선통신 신호처리 및 증폭회로 설계• 해양로봇 전장 설계 및 디버깅• 기술문서 작성 및 관리.,"• 학력 : 대졸 이상 (4년)• 경력 : 3년 이상(석사 학위 인정)• 해양로봇 및 무선광통신 분야 블루오션 개척에 관심이 많은 분• 긍정적인 사고로 업무에 임하며, 동료와의 관계를 잘 이끌어 가실 분.","• 하드웨어 회로설계(Altium, Circuit Studio, OrCAD 등) 경험자• 무선통신(RF, 음파, 광) 아날로그 및 디지털 회로 개발• 이더넷 관련 하드웨어(Media Converter, Switch, Gateway 등)회로 개발• FPGA를 활용한 고속통신 회로 개발."
퓨처키친,• 로봇 기구 장치 설계 도면 조립 전장 배선• 서보 시스템 기반 자동화 로봇 개발• BLDC/DC모터 기반 자동화 로봇 개발• 자동화 로봇 레이아웃 설계 및 테스트.,"• 학력사항 : 기계공학, 기계설계, 자동화분야 등 공학계열 관련학과 졸업자 • 직무기술 : 기구설계, 메카트로닉스, 3D CAD 활용능력.","• 석사 이상 우대• 로봇/모터 제어 회로 설계 경험 및 센서류 관련 경험• 로봇 제어 작업 시퀀스 프로그래밍• 제어 통신 관련 지식 및 오픈소스 활용 경험 (RS232/485, EtherCAT, Socket, CAN)• 원가 개선 설계 경험• 시스템 레이이웃 설계, 도면, 발주, 조립, 배선 등 시스템 전체 설계 과정에 대한 경험."
씨너렉스,"• GNSS(GPS), LTE모듈 제품 개발에서 회로를 설계하고 양산을 지원합니다.•",• 회로 설계 전공자(신입가능) 및 관련 경력 10년 미만이신 분• 설계 Tool을 활용한 SoC 회로 설계에 경험을 갖춘 분• 전자기기 분야의 다양하고 회로 설계에 관심이 있으신 분.,"• GNSS수신기, LTE라우터등 개발 경험이 있으신 분• 전자파 인증 및 무선 인증 경험이 있으신 분• 기구 공정과 양산 생산라인에 대한 이해가 있으신 분."
